{"cameraMode":{"drawMode":0,"name":"Shaded","section":"Shading Mode"},"sceneLighting":true,"audioPlay":false,"sceneViewState":{"showFog":false,"showMaterialUpdate":false,"showSkybox":true,"showFlares":true,"showImageEffects":true,"showParticleSystems":true},"in2DMode":false,"pivot":{"x":605.6436767578125,"y":357.57696533203127,"z":0.0},"rotation":{"x":0.0014999978011474014,"y":-0.0014999978011474014,"z":0.0000022499987153423719,"w":0.9999977350234985},"size":462.5622863769531,"orthographic":true}