{"cameraMode":{"drawMode":0,"name":"Shaded","section":"Shading Mode"},"sceneLighting":true,"audioPlay":false,"sceneViewState":{"showFog":false,"showMaterialUpdate":false,"showSkybox":true,"showFlares":true,"showImageEffects":true,"showParticleSystems":true},"in2DMode":false,"pivot":{"x":623.6043701171875,"y":389.2579650878906,"z":-50.5625},"rotation":{"x":0.014536404982209206,"y":-0.14853255450725556,"z":0.0021834056824445726,"w":0.9888024926185608},"size":946.46630859375,"orthographic":true}