{"cameraMode":{"drawMode":0,"name":"Shaded","section":"Shading Mode"},"sceneLighting":true,"audioPlay":false,"sceneViewState":{"showFog":false,"showMaterialUpdate":false,"showSkybox":true,"showFlares":true,"showImageEffects":true,"showParticleSystems":true},"in2DMode":false,"pivot":{"x":334.6450500488281,"y":224.50311279296876,"z":-28.0},"rotation":{"x":0.10476052761077881,"y":-0.02983032912015915,"z":0.0031462106853723528,"w":0.9940518736839294},"size":584.079345703125,"orthographic":true}