{"cameraMode":{"drawMode":0,"name":"Shaded","section":"Shading Mode"},"sceneLighting":true,"audioPlay":false,"sceneViewState":{"showFog":false,"showMaterialUpdate":false,"showSkybox":true,"showFlares":true,"showImageEffects":true,"showParticleSystems":true},"in2DMode":false,"pivot":{"x":358.51837158203127,"y":77.37407684326172,"z":84.36717224121094},"rotation":{"x":0.019477520138025285,"y":-0.04737434908747673,"z":0.0009169099503196776,"w":0.9987003207206726},"size":833.396240234375,"orthographic":true}